instructor_name,label,company/profession,number_courses,avg_rating,courses_names,courses_ref
Don Patterson,Associate Professor,NA,5,4.68,"Foundations of Objective-C App Development -- Networking and Security in iOS Applications -- Best Practices for iOS User Interface Design -- Games, Sensors and Media -- iOS Project: Transreality Game",https://www.coursera.org/learn/objective-c -- https://www.coursera.org/learn/security -- https://www.coursera.org/learn/ui -- https://www.coursera.org/learn/games -- https://www.coursera.org/learn/transreality-gaming
Sam Kaufman,Partner at Gradient,NA,5,4.68,"Foundations of Objective-C App Development -- Networking and Security in iOS Applications -- Best Practices for iOS User Interface Design -- Games, Sensors and Media -- iOS Project: Transreality Game",https://www.coursera.org/learn/objective-c -- https://www.coursera.org/learn/security -- https://www.coursera.org/learn/ui -- https://www.coursera.org/learn/games -- https://www.coursera.org/learn/transreality-gaming
Justin-Nicholas Toyama ,UCI Extension Instructor,NA,1,3.8,Toward the Future of iOS Development with Swift,https://www.coursera.org/learn/iosswift
Frank Ayars ,UCI Extension Instructor,NA,1,3.8,Toward the Future of iOS Development with Swift,https://www.coursera.org/learn/iosswift
Ralf Brockhaus ,UCI Extension Instructor,NA,1,3.8,Toward the Future of iOS Development with Swift,https://www.coursera.org/learn/iosswift
Dr Matthew Yee-King,Lecturer,NA,6,4.55,"Responsive Website Basics: Code with HTML, CSS, and JavaScript -- Responsive Web Design -- Introduction to Meteor.js Development -- Web Application Development with JavaScript and MongoDB -- Responsive Website Tutorial and Examples -- Responsive Website Development and Design Capstone",https://www.coursera.org/learn/website-coding -- https://www.coursera.org/learn/responsive-web-design -- https://www.coursera.org/learn/meteor-development -- https://www.coursera.org/learn/web-application-development -- https://www.coursera.org/learn/responsive-website-examples -- https://www.coursera.org/learn/responsive-web-design-capstone
Dr Marco Gillies,Senior Lecturer,NA,2,4.55,"Responsive Website Basics: Code with HTML, CSS, and JavaScript -- Responsive Web Design",https://www.coursera.org/learn/website-coding -- https://www.coursera.org/learn/responsive-web-design
Dr Kate Devlin,Senior Lecturer,NA,2,4.55,"Responsive Website Basics: Code with HTML, CSS, and JavaScript -- Responsive Web Design",https://www.coursera.org/learn/website-coding -- https://www.coursera.org/learn/responsive-web-design
Dr Mick Grierson,Reader,NA,2,4.4,Responsive Web Design -- Responsive Website Tutorial and Examples,https://www.coursera.org/learn/responsive-web-design -- https://www.coursera.org/learn/responsive-website-examples
Dr James Ohene-Djan,Senior Lecturer and Assistant Pro Warden,NA,1,4.8,Responsive Website Development and Design Capstone,https://www.coursera.org/learn/responsive-web-design-capstone
Kalman Hazins,Adjunct Professor,Graduate Computer Science,2,4.6,Ruby on Rails: An Introduction -- Rails with Active Record and Action Pack,https://www.coursera.org/learn/ruby-on-rails-intro -- https://www.coursera.org/learn/rails-with-active-record
Kiran Chittargi,Adjunct Professor,Graduate Computer Science,1,4.3,Ruby on Rails Web Services and Integration with MongoDB,https://www.coursera.org/learn/ruby-on-rails-web-services-mongodb
Yaakov Chaikin,Adjunct Professor,Graduate Computer Science,2,4.9,"HTML, CSS, and Javascript for Web Developers -- Single Page Web Applications with AngularJS",https://www.coursera.org/learn/html-css-javascript-for-web-developers -- https://www.coursera.org/learn/single-page-web-apps-with-angularjs
Jim Stafford,Adjunct Professor,Graduate Computer Science,1,4.7,Capstone: Photo Tourist Web Application,https://www.coursera.org/learn/photo-tourist-web-app-capstone
Dr. Jerry Roth,Professor of the Practice,NA,1,4.5,Java for Android,https://www.coursera.org/learn/java-for-android
Dr. Julie L. Johnson,Instructor,NA,1,4.5,Java for Android,https://www.coursera.org/learn/java-for-android
Michael Walker,Instructor,NA,4,4.28,"Java for Android -- Android App Components - Intents, Activities, and Broadcast Receivers -- Engineering Maintainable Android Apps -- Capstone MOOC for ""Android App Development""",https://www.coursera.org/learn/java-for-android -- https://www.coursera.org/learn/androidapps -- https://www.coursera.org/learn/engineeringandroidapps -- https://www.coursera.org/learn/aadcapstone
Graduate Student pursuing PhD in Computer Science,NA,NA,4,4.28,"Java for Android -- Android App Components - Intents, Activities, and Broadcast Receivers -- Engineering Maintainable Android Apps -- Capstone MOOC for ""Android App Development""",https://www.coursera.org/learn/java-for-android -- https://www.coursera.org/learn/androidapps -- https://www.coursera.org/learn/engineeringandroidapps -- https://www.coursera.org/learn/aadcapstone
Dr. Douglas C. Schmidt,Professor of Computer Science and Associate Chair of the Computer Science and Engineering Program,NA,5,4.28,"Java for Android -- Android App Components - Intents, Activities, and Broadcast Receivers -- Android App Components - Services, Local IPC, and Content Providers -- Engineering Maintainable Android Apps -- Capstone MOOC for ""Android App Development""",https://www.coursera.org/learn/java-for-android -- https://www.coursera.org/learn/androidapps -- https://www.coursera.org/learn/androidapps-2 -- https://www.coursera.org/learn/engineeringandroidapps -- https://www.coursera.org/learn/aadcapstone
Dr. C. Jules White,Assistant Professor of Computer Science,NA,3,4.2,"Android App Components - Intents, Activities, and Broadcast Receivers -- Engineering Maintainable Android Apps -- Capstone MOOC for ""Android App Development""",https://www.coursera.org/learn/androidapps -- https://www.coursera.org/learn/engineeringandroidapps -- https://www.coursera.org/learn/aadcapstone
Brian Winn,Associate Professor,NA,3,4.77,Introduction to Game Development -- Game Development for Modern Platforms -- Game Design and Development Capstone,https://www.coursera.org/learn/game-development -- https://www.coursera.org/learn/gamedev-platforms -- https://www.coursera.org/learn/gamedev-capstone
Casey O'Donnell,Associate Professor,NA,3,4.5,Principles of Game Design -- Business of Games and Entrepreneurship -- Game Design and Development Capstone,https://www.coursera.org/learn/gamedesign -- https://www.coursera.org/learn/gamedev-business -- https://www.coursera.org/learn/gamedev-capstone
Roger D. Peng,PhD,Associate Professor,5,4.2,The R Programming Environment -- Advanced R Programming -- Building R Packages -- Building Data Visualization Tools -- Mastering Software Development in R Capstone,https://www.coursera.org/learn/r-programming-environment -- https://www.coursera.org/learn/advanced-r -- https://www.coursera.org/learn/r-packages -- https://www.coursera.org/learn/r-data-visualization -- https://www.coursera.org/learn/r-capstone
Brooke Anderson,Assistant Professor,Environmental & Radiological Health Sciences,5,4.2,The R Programming Environment -- Advanced R Programming -- Building R Packages -- Building Data Visualization Tools -- Mastering Software Development in R Capstone,https://www.coursera.org/learn/r-programming-environment -- https://www.coursera.org/learn/advanced-r -- https://www.coursera.org/learn/r-packages -- https://www.coursera.org/learn/r-data-visualization -- https://www.coursera.org/learn/r-capstone
Alex Cowan,Faculty & Batten Fellow,NA,5,4.62,Agile Meets Design Thinking -- Running Product Design Sprints -- Managing an Agile Team -- Testing with Agile -- Agile Development in Practice (Project-centered Course),https://www.coursera.org/learn/uva-darden-getting-started-agile -- https://www.coursera.org/learn/uva-darden-running-design-sprints -- https://www.coursera.org/learn/uva-darden-agile-team-management -- https://www.coursera.org/learn/uva-darden-agile-testing -- https://www.coursera.org/learn/uva-darden-agile-development-capstone
"Dr. Tim ""Dr. T"" Chamillard",Associate Professor,NA,5,4.84,Introduction to C# Programming and Unity -- More C# Programming and Unity -- Intermediate Object-Oriented Programming for Unity Games -- Data Structures and Design Patterns for Game Developers -- C# Programming for Unity Game Development Capstone Project,https://www.coursera.org/learn/introduction-programming-unity -- https://www.coursera.org/learn/more-programming-unity -- https://www.coursera.org/learn/intermediate-object-oriented-programming-unity-games -- https://www.coursera.org/learn/data-structures-design-patterns -- https://www.coursera.org/learn/programming-unity-game-development-project
Nguyen Gia Tuan,MSc,NA,1,3.8,Embedded Hardware and Operating Systems,https://www.coursera.org/learn/embedded-operating-system
Juha Plosila,Associate Professor,NA,2,4.75,Web Connectivity and Security in Embedded Systems -- Capstone:  Autonomous Runway Detection for IoT,https://www.coursera.org/learn/iot-connectivity-security -- https://www.coursera.org/learn/autonomous-runway-detection
Farhoud Hosseinpour,Doctoral Researcher,NA,1,4.5,Web Connectivity and Security in Embedded Systems,https://www.coursera.org/learn/iot-connectivity-security
Simon Holmbacka,Dr,NA,1,4.4,Development of Real-Time Systems,https://www.coursera.org/learn/real-time-systems
Angela Joens,Assistant Vice Chancellor of Development Outreach,NA,1,4.5,Fundraising and Development Foundations,https://www.coursera.org/learn/fundraising-development
Michelle Poesy,Senior Director,NA,1,2.3,Annual Campaigns: Building a Case for Support,https://www.coursera.org/learn/annual-campaigns
Jason Wohlman,Associate Vice Chancellor for University Development,NA,1,NaN,Major and Principal Gifts,https://www.coursera.org/learn/major-principal-gifts
Brian Casey,Assistant Vice Chancellor for Planned Giving,NA,1,NaN,Planned Giving,https://www.coursera.org/learn/planned-giving
Praveen Mittal,Adjunct Professor,NA,4,4.33,Software Development Processes and Methodologies -- Agile Software Development -- Lean Software Development -- Engineering Practices for Building Quality Software,https://www.coursera.org/learn/software-processes -- https://www.coursera.org/learn/agile-software-development -- https://www.coursera.org/learn/lean-software-development -- https://www.coursera.org/learn/engineering-practices-secure-software-quality
Kevin Wendt,Teaching Specialist,NA,2,4.7,Software Development Processes and Methodologies -- Engineering Practices for Building Quality Software,https://www.coursera.org/learn/software-processes -- https://www.coursera.org/learn/engineering-practices-secure-software-quality
Jogesh K. Muppala,Associate Professor,NA,4,4.88,"Front-End Web UI Frameworks and Tools: Bootstrap 4 -- Front-End Web Development with React -- Multiplatform Mobile App Development with React Native -- Server-side Development with NodeJS, Express and MongoDB",https://www.coursera.org/learn/bootstrap-4 -- https://www.coursera.org/learn/front-end-react -- https://www.coursera.org/learn/react-native -- https://www.coursera.org/learn/server-side-nodejs
Parham Aarabi,Professor,NA,4,3.77,Introduction To Swift Programming -- iOS App Development Basics -- App Design and Development for iOS -- Build Your Own iOS App,https://www.coursera.org/learn/swift-programming -- https://www.coursera.org/learn/ios-app-development-basics -- https://www.coursera.org/learn/ios-app-design-development -- https://www.coursera.org/learn/build-app
David Van Kleeck,Professor in the Practice of Engineering Leadership,NA,3,4.57,Self Awareness and the Effective Leader -- Relationship Management -- Personal Leadership Development Planning and Leading High Performing Teams,https://www.coursera.org/learn/self-awareness -- https://www.coursera.org/learn/relationship-management -- https://www.coursera.org/learn/leadership-development-planning
Susan H. Rodger,Professor of the Practice,NA,5,4.6,"Programming Foundations with JavaScript, HTML and CSS -- Java Programming: Solving Problems with Software -- Java Programming: Arrays, Lists, and Structured Data -- Java Programming: Principles of Software Design -- Java Programming: Build a Recommendation System",https://www.coursera.org/learn/duke-programming-web -- https://www.coursera.org/learn/java-programming -- https://www.coursera.org/learn/java-programming-arrays-lists-data -- https://www.coursera.org/learn/java-programming-design-principles -- https://www.coursera.org/learn/java-programming-recommender
Robert Duvall,Lecturer,NA,5,4.6,"Programming Foundations with JavaScript, HTML and CSS -- Java Programming: Solving Problems with Software -- Java Programming: Arrays, Lists, and Structured Data -- Java Programming: Principles of Software Design -- Java Programming: Build a Recommendation System",https://www.coursera.org/learn/duke-programming-web -- https://www.coursera.org/learn/java-programming -- https://www.coursera.org/learn/java-programming-arrays-lists-data -- https://www.coursera.org/learn/java-programming-design-principles -- https://www.coursera.org/learn/java-programming-recommender
Owen Astrachan,Professor of the Practice,NA,5,4.6,"Programming Foundations with JavaScript, HTML and CSS -- Java Programming: Solving Problems with Software -- Java Programming: Arrays, Lists, and Structured Data -- Java Programming: Principles of Software Design -- Java Programming: Build a Recommendation System",https://www.coursera.org/learn/duke-programming-web -- https://www.coursera.org/learn/java-programming -- https://www.coursera.org/learn/java-programming-arrays-lists-data -- https://www.coursera.org/learn/java-programming-design-principles -- https://www.coursera.org/learn/java-programming-recommender
Andrew D. Hilton,Associate Professor of the Practice,NA,5,4.6,"Programming Foundations with JavaScript, HTML and CSS -- Java Programming: Solving Problems with Software -- Java Programming: Arrays, Lists, and Structured Data -- Java Programming: Principles of Software Design -- Java Programming: Build a Recommendation System",https://www.coursera.org/learn/duke-programming-web -- https://www.coursera.org/learn/java-programming -- https://www.coursera.org/learn/java-programming-arrays-lists-data -- https://www.coursera.org/learn/java-programming-design-principles -- https://www.coursera.org/learn/java-programming-recommender
Kristen Walcott-Justice,Assistant Professor,NA,5,4.3,Requirements Gathering for Secure Software Development -- Requirements Elicitation: Artifact and Stakeholder Analysis -- Requirements Specifications: Goals and Conflict Analysis -- Software Requirements Prioritization: Risk Analysis -- SRS Documents: Requirements and Diagrammatic Notations,https://www.coursera.org/learn/requirements-gathering-secure -- https://www.coursera.org/learn/requirements-elicitation -- https://www.coursera.org/learn/requirements-specification-goals -- https://www.coursera.org/learn/software-requirements-prioritization -- https://www.coursera.org/learn/srs-documents-requirements
Albert Glock,Instructor,NA,4,4.77,Software Design as an Element of the Software Development Lifecycle -- Software Design as an Abstraction -- Software Design Methods and Tools -- Software Design Threats and Mitigations,https://www.coursera.org/learn/software-design-development-life-cycle -- https://www.coursera.org/learn/software-design-abstraction -- https://www.coursera.org/learn/software-design-methods-tools -- https://www.coursera.org/learn/software-design-threats-mitigations
Kenny Wong,Associate Professor,NA,4,4.53,Object-Oriented Design -- Design Patterns -- Software Architecture -- Service-Oriented Architecture,https://www.coursera.org/learn/object-oriented-design -- https://www.coursera.org/learn/design-patterns -- https://www.coursera.org/learn/software-architecture -- https://www.coursera.org/learn/service-oriented-architecture
Jonas Hedman ,Associate Professor,NA,4,4.42,Digital Competition in Financial Services -- FinTech and the Transformation in Financial Services -- Innovation Strategy: Developing Your Fintech strategy -- Digital Transformation of Financial Services - Capstone Project,https://www.coursera.org/learn/digital-competition-financial-services -- https://www.coursera.org/learn/fintech-transformation-financial-services -- https://www.coursera.org/learn/innovation-strategy-fintech -- https://www.coursera.org/learn/digital-transformation-financial-services-project
Stefan Henningsson,Associate Professor,NA,4,4.42,Digital Competition in Financial Services -- FinTech and the Transformation in Financial Services -- Innovation Strategy: Developing Your Fintech strategy -- Digital Transformation of Financial Services - Capstone Project,https://www.coursera.org/learn/digital-competition-financial-services -- https://www.coursera.org/learn/fintech-transformation-financial-services -- https://www.coursera.org/learn/innovation-strategy-fintech -- https://www.coursera.org/learn/digital-transformation-financial-services-project
Jong-Moon Chung,Professor,School of Electrical & Electronic Engineering,10,4.2,"Big Data Emerging Technologies -- Smart Device & Mobile Emerging Technologies -- IoT (Internet of Things) Wireless & Cloud Computing Emerging Technologies -- AR (Augmented Reality) & Video Streaming Services Emerging Technologies -- Smartphone Emerging Technologies -- Big Data, Cloud Computing, & CDN Emerging Technologies -- Internet Emerging Technologies -- Internet of Things & Augmented Reality Emerging Technologies -- Wireless Communication Emerging Technologies -- Emerging Technologies Capstone",https://www.coursera.org/learn/big-data-emerging-technologies -- https://www.coursera.org/learn/smart-device-mobile-emerging-technologies -- https://www.coursera.org/learn/iot-wireless-cloud-computing -- https://www.coursera.org/learn/ar-technologies-video-streaming -- https://www.coursera.org/learn/smartphone-emerging-technologies -- https://www.coursera.org/learn/big-data-cloud-computing-cdn -- https://www.coursera.org/learn/internet-technologies -- https://www.coursera.org/learn/iot-augmented-reality-technologies -- https://www.coursera.org/learn/wireless-communication-technologies -- https://www.coursera.org/learn/emerging-technologies-capstone
Alex Aklson,Ph.D.,Data Scientist,8,4.4,What is Data Science? -- Data Science Methodology -- Data Visualization with Python -- Applied Data Science Capstone -- Data Visualization with Python -- Applied Data Science Capstone -- What is Data Science? -- Data Science Methodology,https://www.coursera.org/learn/what-is-datascience -- https://www.coursera.org/learn/data-science-methodology -- https://www.coursera.org/learn/python-for-data-visualization -- https://www.coursera.org/learn/applied-data-science-capstone -- https://www.coursera.org/learn/python-for-data-visualization -- https://www.coursera.org/learn/applied-data-science-capstone -- https://www.coursera.org/learn/what-is-datascience -- https://www.coursera.org/learn/data-science-methodology
Polong Lin,Data Scientist,NA,2,4.5,Open Source tools for Data Science -- Open Source tools for Data Science,https://www.coursera.org/learn/open-source-tools-for-data-science -- https://www.coursera.org/learn/open-source-tools-for-data-science
Joseph Santarcangelo,Ph.D.,Data Scientist at IBM,4,4.55,Python for Data Science -- Data Analysis with Python -- Python for Data Science -- Data Analysis with Python,https://www.coursera.org/learn/python-for-applied-data-science -- https://www.coursera.org/learn/data-analysis-with-python -- https://www.coursera.org/learn/python-for-applied-data-science -- https://www.coursera.org/learn/data-analysis-with-python
Rav Ahuja,Data Science Program Manager,NA,4,4.5,Python for Data Science -- Databases and SQL for Data Science -- Python for Data Science -- Databases and SQL for Data Science,https://www.coursera.org/learn/python-for-applied-data-science -- https://www.coursera.org/learn/sql-data-science -- https://www.coursera.org/learn/python-for-applied-data-science -- https://www.coursera.org/learn/sql-data-science
SAEED AGHABOZORGI,Ph.D.,Sr. Data Scientist,1,4.7,Machine Learning with Python,https://www.coursera.org/learn/machine-learning-with-python
Steven Salzberg,PhD,Professor,2,4.4,Introduction to Genomic Technologies -- Python for Genomic Data Science,https://www.coursera.org/learn/introduction-genomics -- https://www.coursera.org/learn/python-genomics
Jeff Leek,PhD,Associate Professor,3,4.4,Introduction to Genomic Technologies -- Statistics for Genomic Data Science -- Genomic Data Science Capstone,https://www.coursera.org/learn/introduction-genomics -- https://www.coursera.org/learn/statistical-genomics -- https://www.coursera.org/learn/genomic-data-science-project
James Taylor,PhD,Associate Professor of Biology and Computer Science,1,3.6,Genomic Data Science with Galaxy,https://www.coursera.org/learn/galaxy-project
Mihaela Pertea,PhD,Assistant Professor,1,4.3,Python for Genomic Data Science,https://www.coursera.org/learn/python-genomics
Ben Langmead,PhD,Assistant Professor,1,4.8,Algorithms for DNA Sequencing,https://www.coursera.org/learn/dna-sequencing
Jacob Pritt,NA,NA,1,4.8,Algorithms for DNA Sequencing,https://www.coursera.org/learn/dna-sequencing
Liliana Florea,PhD,Assistant Professor,1,4.2,Command Line Tools for Genomic Data Science,https://www.coursera.org/learn/genomic-tools
Kasper Daniel Hansen,PhD,Assistant Professor,2,4.3,Bioconductor for Genomic Data Science -- Genomic Data Science Capstone,https://www.coursera.org/learn/bioconductor -- https://www.coursera.org/learn/genomic-data-science-project
Frauke Kreuter,Ph.D.,Professor,3,3.5,Framework for Data Collection and Analysis -- Questionnaire Design for Social Surveys -- Survey Data Collection and Analytics Project (Capstone),https://www.coursera.org/learn/data-collection-framework -- https://www.coursera.org/learn/questionnaire-design -- https://www.coursera.org/learn/survey-data-capstone
Mariel Leonard,Lecturer,NA,1,4.1,Framework for Data Collection and Analysis,https://www.coursera.org/learn/data-collection-framework
Frederick Conrad,Ph.D.,Research Professor,3,3.63,"Data Collection: Online, Telephone and Face-to-face -- Questionnaire Design for Social Surveys -- Survey Data Collection and Analytics Project (Capstone)",https://www.coursera.org/learn/data-collection-methods -- https://www.coursera.org/learn/questionnaire-design -- https://www.coursera.org/learn/survey-data-capstone
James M Lepkowski,Research Professor,NA,2,3.3,"Sampling People, Networks and Records -- Survey Data Collection and Analytics Project (Capstone)",https://www.coursera.org/learn/sampling-methods -- https://www.coursera.org/learn/survey-data-capstone
Richard Valliant,Ph.D.,Research Professor,3,3.37,Dealing With Missing Data -- Combining and Analyzing Complex Data -- Survey Data Collection and Analytics Project (Capstone),https://www.coursera.org/learn/missing-data -- https://www.coursera.org/learn/data-collection-analytics-project -- https://www.coursera.org/learn/survey-data-capstone
Alexander S. Kulikov,Visiting Professor,NA,6,4.57,Algorithmic Toolbox -- Data Structures -- Algorithms on Graphs -- Algorithms on Strings -- Advanced Algorithms and Complexity -- Genome Assembly Programming Challenge,https://www.coursera.org/learn/algorithmic-toolbox -- https://www.coursera.org/learn/data-structures -- https://www.coursera.org/learn/algorithms-on-graphs -- https://www.coursera.org/learn/algorithms-on-strings -- https://www.coursera.org/learn/advanced-algorithms-and-complexity -- https://www.coursera.org/learn/assembling-genomes
Michael Levin,Lecturer,NA,6,4.57,Algorithmic Toolbox -- Data Structures -- Algorithms on Graphs -- Algorithms on Strings -- Advanced Algorithms and Complexity -- Genome Assembly Programming Challenge,https://www.coursera.org/learn/algorithmic-toolbox -- https://www.coursera.org/learn/data-structures -- https://www.coursera.org/learn/algorithms-on-graphs -- https://www.coursera.org/learn/algorithms-on-strings -- https://www.coursera.org/learn/advanced-algorithms-and-complexity -- https://www.coursera.org/learn/assembling-genomes
Neil Rhodes,Adjunct Faculty,NA,6,4.57,Algorithmic Toolbox -- Data Structures -- Algorithms on Graphs -- Algorithms on Strings -- Advanced Algorithms and Complexity -- Genome Assembly Programming Challenge,https://www.coursera.org/learn/algorithmic-toolbox -- https://www.coursera.org/learn/data-structures -- https://www.coursera.org/learn/algorithms-on-graphs -- https://www.coursera.org/learn/algorithms-on-strings -- https://www.coursera.org/learn/advanced-algorithms-and-complexity -- https://www.coursera.org/learn/assembling-genomes
Pavel  Pevzner,Professor,NA,3,4.5,Algorithmic Toolbox -- Algorithms on Strings -- Genome Assembly Programming Challenge,https://www.coursera.org/learn/algorithmic-toolbox -- https://www.coursera.org/learn/algorithms-on-strings -- https://www.coursera.org/learn/assembling-genomes
Daniel M Kane,Assistant Professor,NA,4,4.62,Algorithmic Toolbox -- Data Structures -- Algorithms on Graphs -- Advanced Algorithms and Complexity,https://www.coursera.org/learn/algorithmic-toolbox -- https://www.coursera.org/learn/data-structures -- https://www.coursera.org/learn/algorithms-on-graphs -- https://www.coursera.org/learn/advanced-algorithms-and-complexity
Ilkay Altintas,Chief Data Science Officer,NA,5,4.42,Introduction to Big Data -- Big Data Modeling and Management Systems -- Big Data Integration and Processing -- Machine Learning With Big Data -- Big Data - Capstone Project,https://www.coursera.org/learn/big-data-introduction -- https://www.coursera.org/learn/big-data-management -- https://www.coursera.org/learn/big-data-integration-processing -- https://www.coursera.org/learn/big-data-machine-learning -- https://www.coursera.org/learn/big-data-project
Amarnath Gupta,Director,Advanced Query Processing Lab,5,4.36,Introduction to Big Data -- Big Data Modeling and Management Systems -- Big Data Integration and Processing -- Graph Analytics for Big Data -- Big Data - Capstone Project,https://www.coursera.org/learn/big-data-introduction -- https://www.coursera.org/learn/big-data-management -- https://www.coursera.org/learn/big-data-integration-processing -- https://www.coursera.org/learn/big-data-graph-analytics -- https://www.coursera.org/learn/big-data-project
Mai Nguyen,Lead for Data Analytics,NA,1,4.5,Machine Learning With Big Data,https://www.coursera.org/learn/big-data-machine-learning
John C. Hart,Professor of Computer Science,NA,2,4.55,Data Visualization -- Data Mining Project,https://www.coursera.org/learn/datavisualization -- https://www.coursera.org/learn/data-mining-project
ChengXiang Zhai,Professor,NA,3,4.47,Text Retrieval and Search Engines -- Text Mining and Analytics -- Data Mining Project,https://www.coursera.org/learn/text-retrieval -- https://www.coursera.org/learn/text-mining -- https://www.coursera.org/learn/data-mining-project
Jiawei Han,Abel Bliss Professor,NA,3,4.37,Pattern Discovery in Data Mining -- Cluster Analysis in Data Mining -- Data Mining Project,https://www.coursera.org/learn/data-patterns -- https://www.coursera.org/learn/cluster-analysis -- https://www.coursera.org/learn/data-mining-project
Ivan Puzyrevskiy,Technical Team Lead,NA,3,4.1,"Big Data Essentials: HDFS, MapReduce and Spark RDD -- Big Data Applications: Real-Time Streaming -- Big Data Services: Capstone Project",https://www.coursera.org/learn/big-data-essentials -- https://www.coursera.org/learn/real-time-streaming-big-data -- https://www.coursera.org/learn/big-data-services
Emeli Dral,NA,NA,3,4.1,"Big Data Essentials: HDFS, MapReduce and Spark RDD -- Big Data Applications: Machine Learning at Scale -- Big Data Applications: Real-Time Streaming",https://www.coursera.org/learn/big-data-essentials -- https://www.coursera.org/learn/machine-learning-applications-big-data -- https://www.coursera.org/learn/real-time-streaming-big-data
Evgeniy Riabenko,NA,NA,1,4.1,"Big Data Essentials: HDFS, MapReduce and Spark RDD",https://www.coursera.org/learn/big-data-essentials
Alexey A. Dral,Head of Big Data and Machine Learning,NA,5,4.03,"Big Data Essentials: HDFS, MapReduce and Spark RDD -- Big Data Analysis: Hive, Spark SQL, DataFrames and GraphFrames -- Big Data Applications: Machine Learning at Scale -- Big Data Applications: Real-Time Streaming -- Big Data Services: Capstone Project",https://www.coursera.org/learn/big-data-essentials -- https://www.coursera.org/learn/big-data-analysis -- https://www.coursera.org/learn/machine-learning-applications-big-data -- https://www.coursera.org/learn/real-time-streaming-big-data -- https://www.coursera.org/learn/big-data-services
Natalia Pritykovskaya,NA,NA,1,3.9,"Big Data Analysis: Hive, Spark SQL, DataFrames and GraphFrames",https://www.coursera.org/learn/big-data-analysis
Pavel Klemenkov,Chief Data Scientist,NA,1,3.9,"Big Data Analysis: Hive, Spark SQL, DataFrames and GraphFrames",https://www.coursera.org/learn/big-data-analysis
Pavel Mezentsev ,Senior Data Scientist,NA,3,4,"Big Data Analysis: Hive, Spark SQL, DataFrames and GraphFrames -- Big Data Applications: Machine Learning at Scale -- Big Data Applications: Real-Time Streaming",https://www.coursera.org/learn/big-data-analysis -- https://www.coursera.org/learn/machine-learning-applications-big-data -- https://www.coursera.org/learn/real-time-streaming-big-data
Vladimir Lesnichenko,NA,NA,1,4.1,Big Data Applications: Machine Learning at Scale,https://www.coursera.org/learn/machine-learning-applications-big-data
Ilya Trofimov,Principal Data Scientist,NA,1,4.1,Big Data Applications: Machine Learning at Scale,https://www.coursera.org/learn/machine-learning-applications-big-data
Evgeny Frolov,Data Scientist,PhD Student @Skoltech,1,4.1,Big Data Applications: Machine Learning at Scale,https://www.coursera.org/learn/machine-learning-applications-big-data
Christopher Brooks,NA,NA,2,4.45,"Introduction to Data Science in Python -- Applied Plotting, Charting & Data Representation in Python",https://www.coursera.org/learn/python-data-analysis -- https://www.coursera.org/learn/python-plotting
Kevyn Collins-Thompson,Associate Professor,NA,1,4.6,Applied Machine Learning in Python,https://www.coursera.org/learn/python-machine-learning
V. G. Vinod Vydiswaran,Assistant Professor,NA,1,4.1,Applied Text Mining in Python,https://www.coursera.org/learn/python-text-mining
Daniel Romero,Assistant Professor,NA,1,4.6,Applied Social Network Analysis in Python,https://www.coursera.org/learn/python-social-network-analysis
Mia Minnes,Assistant Teaching Professor,NA,5,4.7,Object Oriented Programming in Java -- Data Structures and Performance -- Advanced Data Structures in Java -- Mastering the Software Engineering Interview -- Capstone: Analyzing (Social) Network Data,https://www.coursera.org/learn/object-oriented-java -- https://www.coursera.org/learn/data-structures-optimizing-performance -- https://www.coursera.org/learn/advanced-data-structures -- https://www.coursera.org/learn/cs-tech-interview -- https://www.coursera.org/learn/intermediate-programming-capstone
Leo Porter,Assistant Teaching Professor,NA,5,4.7,Object Oriented Programming in Java -- Data Structures and Performance -- Advanced Data Structures in Java -- Mastering the Software Engineering Interview -- Capstone: Analyzing (Social) Network Data,https://www.coursera.org/learn/object-oriented-java -- https://www.coursera.org/learn/data-structures-optimizing-performance -- https://www.coursera.org/learn/advanced-data-structures -- https://www.coursera.org/learn/cs-tech-interview -- https://www.coursera.org/learn/intermediate-programming-capstone
Christine Alvarado,Associate Teaching Professor,NA,5,4.7,Object Oriented Programming in Java -- Data Structures and Performance -- Advanced Data Structures in Java -- Mastering the Software Engineering Interview -- Capstone: Analyzing (Social) Network Data,https://www.coursera.org/learn/object-oriented-java -- https://www.coursera.org/learn/data-structures-optimizing-performance -- https://www.coursera.org/learn/advanced-data-structures -- https://www.coursera.org/learn/cs-tech-interview -- https://www.coursera.org/learn/intermediate-programming-capstone
Lisa Dierker,Professor,NA,5,4.4,Data Management and Visualization -- Data Analysis Tools -- Regression Modeling in Practice -- Machine Learning for Data Analysis -- Data Analysis and Interpretation Capstone,https://www.coursera.org/learn/data-visualization -- https://www.coursera.org/learn/data-analysis-tools -- https://www.coursera.org/learn/regression-modeling-practice -- https://www.coursera.org/learn/machine-learning-data-analysis -- https://www.coursera.org/learn/data-analysis-capstone
Jen Rose,Research Professor,NA,4,4.4,Data Analysis Tools -- Regression Modeling in Practice -- Machine Learning for Data Analysis -- Data Analysis and Interpretation Capstone,https://www.coursera.org/learn/data-analysis-tools -- https://www.coursera.org/learn/regression-modeling-practice -- https://www.coursera.org/learn/machine-learning-data-analysis -- https://www.coursera.org/learn/data-analysis-capstone
Mohamed Sarwat,Assistant Professor,NA,5,3.7,Core Database Concepts -- Distributed Database Systems -- NoSQL Database Systems -- Big Data Tools -- Data Management in the Cloud,https://www.coursera.org/learn/core-database -- https://www.coursera.org/learn/distributed-database -- https://www.coursera.org/learn/nosql-database-systems -- https://www.coursera.org/learn/big-data-tools -- https://www.coursera.org/learn/data-management-cloud
Ming Zhao,Associate Professor,NA,1,4,Data Management in the Cloud,https://www.coursera.org/learn/data-management-cloud
Michael Mannino,Associate Professor,NA,4,4.53,"Database Management Essentials -- Data Warehouse Concepts, Design, and Data Integration -- Relational Database Support for Data Warehouses -- Design and Build a Data Warehouse for Business Intelligence Implementation",https://www.coursera.org/learn/database-management -- https://www.coursera.org/learn/dwdesign -- https://www.coursera.org/learn/dwrelational -- https://www.coursera.org/learn/data-warehouse-bi-building
Jahangir Karimi,Professor,NA,2,4.5,"Business Intelligence Concepts, Tools, and Applications -- Design and Build a Data Warehouse for Business Intelligence Implementation",https://www.coursera.org/learn/business-intelligence-tools -- https://www.coursera.org/learn/data-warehouse-bi-building
Alex Mannella,Alumni / Former Principal,NA,5,4.66,Data-driven Decision Making -- Problem Solving with Excel -- Data Visualization with Advanced Excel -- Effective Business Presentations with Powerpoint -- Data Analysis and Presentation Skills: the PwC Approach Final Project,https://www.coursera.org/learn/decision-making -- https://www.coursera.org/learn/excel-analysis -- https://www.coursera.org/learn/advanced-excel -- https://www.coursera.org/learn/powerpoint-presentations -- https://www.coursera.org/learn/data-analysis-project-pwc
Romeo Kienzler,Chief Data Scientist,Course Lead,4,4.7,Fundamentals of Scalable Data Science -- Advanced Machine Learning and Signal Processing -- Applied AI with DeepLearning -- Advanced Data Science Capstone,https://www.coursera.org/learn/ds -- https://www.coursera.org/learn/advanced-machine-learning-signal-processing -- https://www.coursera.org/learn/ai -- https://www.coursera.org/learn/advanced-data-science-capstone
Nikolay Manchev,Data Scientist,NA,1,4.9,Advanced Machine Learning and Signal Processing,https://www.coursera.org/learn/advanced-machine-learning-signal-processing
Niketan Pansare,Senior Software Engineer,NA,1,4.5,Applied AI with DeepLearning,https://www.coursera.org/learn/ai
Tom Hanlon,Training Director,NA,1,4.5,Applied AI with DeepLearning,https://www.coursera.org/learn/ai
Max Pumperla,Deep Learning Engineer,NA,1,4.5,Applied AI with DeepLearning,https://www.coursera.org/learn/ai
Ilja Rasin,Data Scientist,NA,1,4.5,Applied AI with DeepLearning,https://www.coursera.org/learn/ai
Ross Maciejewsk,Associate Professor at Arizona State University in the School of Computing,Informatics & Decision Systems Engineering and Director of the Center for Accelerating Operational Efficiency,4,3.5,Introduction to Data Exploration and Visualization -- Multivariate and Geographical Data Analysis -- Temporal and Hierarchical Data Analysis -- Additional Tools Used for Data Visualization,https://www.coursera.org/learn/intro-to-data-exploration -- https://www.coursera.org/learn/multivariate-geographical-analysis -- https://www.coursera.org/learn/temporal-and-hierarchical-analysis -- https://www.coursera.org/learn/data-visualization-tools
K. Selcuk Candan,Professor of Computer Science and Engineering,NA,2,3.5,Introduction to Data Exploration and Visualization -- Temporal and Hierarchical Data Analysis,https://www.coursera.org/learn/intro-to-data-exploration -- https://www.coursera.org/learn/temporal-and-hierarchical-analysis
Huan Liu,Professor: Computer Science and Engineering,NA,1,NaN,Multivariate and Geographical Data Analysis,https://www.coursera.org/learn/multivariate-geographical-analysis
Bill Howe,Director of Research,NA,4,4.02,Data Manipulation at Scale: Systems and Algorithms -- Practical Predictive Analytics: Models and Methods -- Communicating Data Science Results -- Data Science at Scale - Capstone Project,https://www.coursera.org/learn/data-manipulation -- https://www.coursera.org/learn/predictive-analytics -- https://www.coursera.org/learn/data-results -- https://www.coursera.org/learn/datasci-capstone
Indranil Gupta,Professor,NA,3,4.53,"Cloud Computing Concepts, Part 1 -- Cloud Computing Concepts: Part 2 -- Cloud Computing Project",https://www.coursera.org/learn/cloud-computing -- https://www.coursera.org/learn/cloud-computing-2 -- https://www.coursera.org/learn/cloud-computing-project
Roy H. Campbell,Professor of Computer Science,NA,3,4.2,"Cloud Computing Applications, Part 1: Cloud Systems and Infrastructure -- Cloud Computing Applications, Part 2: Big Data and Applications in the Cloud -- Cloud Computing Project",https://www.coursera.org/learn/cloud-applications-part1 -- https://www.coursera.org/learn/cloud-applications-part2 -- https://www.coursera.org/learn/cloud-computing-project
Reza Farivar,Data Engineering Manager at Capital One,Adjunct Research Assistant Professor of Computer Science,2,4.05,"Cloud Computing Applications, Part 1: Cloud Systems and Infrastructure -- Cloud Computing Applications, Part 2: Big Data and Applications in the Cloud",https://www.coursera.org/learn/cloud-applications-part1 -- https://www.coursera.org/learn/cloud-applications-part2
P. Brighten Godfrey,Associate Professor,NA,2,4.5,Cloud Networking -- Cloud Computing Project,https://www.coursera.org/learn/cloud-networking -- https://www.coursera.org/learn/cloud-computing-project
Ankit Singla,Assistant Professor,NA,2,4.5,Cloud Networking -- Cloud Computing Project,https://www.coursera.org/learn/cloud-networking -- https://www.coursera.org/learn/cloud-computing-project
